"Tweet ID","Tweet Text","Type","Author Name","Author Username","Creation Time","Reply Count","Retweet Count","Quote Count","Like Count","View Count","Bookmark Count","Language","Possibly Sensitive","Source","Hashtags","Tweet URL","Media Type","Media URLs","External URLs"
"=""1829139390901215250""","Woman who stole mobility scooter and left disabled man to die in freezing weather jailed for six-and-a-half years
https://t.co/t6ElI3qN3K","Tweet","BBC Breaking News","BBCBreaking","29/8/2024, 6:19:49 pm","194","124","39","582","268510","33","en","No","SocialFlow","","https://x.com/BBCBreaking/status/1829139390901215250","","","https://bbc.in/47achZR"
"=""1828889219000926333""","Telegram chief Pavel Durov placed under formal investigation in France and banned from leaving country, prosecutor says https://t.co/3JcHJ6zu6N","Tweet","BBC Breaking News","BBCBreaking","29/8/2024, 1:45:43 am","149","157","17","585","325265","28","en","No","SocialFlow","","https://x.com/BBCBreaking/status/1828889219000926333","","","https://bbc.in/4dAYL3U"
"=""1828748677566865444""","At least nine Palestinians killed as Israel launches operation in occupied West Bank, and troops surround Jenin hospital - follow live
https://t.co/1zLgPddE47","Tweet","BBC Breaking News","BBCBreaking","28/8/2024, 4:27:15 pm","236","168","18","299","303710","18","en","No","SocialFlow","","https://x.com/BBCBreaking/status/1828748677566865444","","","https://bbc.in/478L0Hd"
"=""1828471948101251257""","Two men charged with four counts of murder and one attempted murder after house fire killed mother and her three children in Bradford , UK https://t.co/NqN3BITx1u","Tweet","BBC Breaking News","BBCBreaking","27/8/2024, 10:07:38 pm","0","81","17","314","329494","18","en","No","SocialFlow","","https://x.com/BBCBreaking/status/1828471948101251257","","","https://bbc.in/3XlqMqE"
"=""1828415564307403177""","Israel says it has rescued a hostage being held by Hamas during a ""complex"" operation in southern Gaza https://t.co/SSghCmOOZ8","Tweet","BBC Breaking News","BBCBreaking","27/8/2024, 6:23:35 pm","192","99","12","616","311600","10","en","No","SocialFlow","","https://x.com/BBCBreaking/status/1828415564307403177","","","https://bbc.in/3MHrVml"
"=""1828392070802813322""","Ukraine says it has made further advances during Kursk incursion and controls 100 Russian settlements - follow live https://t.co/yI3wLfFWA7","Tweet","BBC Breaking News","BBCBreaking","27/8/2024, 4:50:14 pm","81","80","5","396","242332","2","en","No","SocialFlow","","https://x.com/BBCBreaking/status/1828392070802813322","","","https://bbc.in/3XiMMlW"
"=""1828391464998412437""","Three arrested over stabbing of woman believed to have been caught up in a fight between two groups of men at Notting Hill Carnival https://t.co/RfpyIEi4lG","Tweet","BBC Breaking News","BBCBreaking","27/8/2024, 4:47:49 pm","19","56","16","258","279342","9","en","No","SocialFlow","","https://x.com/BBCBreaking/status/1828391464998412437","","","https://bbc.in/3MiB2cS"
"=""1828328726024630398""","Oasis to reunite for world tour next year kicking off in Cardiff, Manchester and London, 15 years after band broke up

Follow live: https://t.co/RWRDGeFBuB","Tweet","BBC Breaking News","BBCBreaking","27/8/2024, 12:38:31 pm","223","429","133","2045","526878","38","en","No","SocialFlow","","https://x.com/BBCBreaking/status/1828328726024630398","","","https://bbc.in/3YZrfzM"
"=""1828032301386633699""","Former England football manager Sven-Goran Eriksson has died aged 76
 
Read more: https://t.co/OxjvVRjrjf","Tweet","BBC Breaking News","BBCBreaking","26/8/2024, 5:00:38 pm","185","305","91","1526","411547","22","en","No","SocialFlow","","https://x.com/BBCBreaking/status/1828032301386633699","","","https://bbc.in/3Z1zmfu"
"=""1828014522705076573""","At least three people killed and dozens injured as wave of Russian strikes hit key energy targets in Ukraine
 
Follow live: https://t.co/8qY5keug7R","Tweet","BBC Breaking News","BBCBreaking","26/8/2024, 3:49:59 pm","88","90","6","226","255251","7","en","No","SocialFlow","","https://x.com/BBCBreaking/status/1828014522705076573","","","https://bbc.in/3Z0OZng"
"=""1827976719833161980""","Major incident declared and search and rescue continues after fire at block of flats in London
 
Follow live: https://t.co/BIEImkg8Sm","Tweet","BBC Breaking News","BBCBreaking","26/8/2024, 1:19:46 pm","111","112","13","338","373428","23","en","No","SocialFlow","","https://x.com/BBCBreaking/status/1827976719833161980","","","https://bbc.in/3ABBUqv"
"=""1827396834903413221""","Two astronauts whose eight-day mission got stuck in space will return to Earth on SpaceX ship next year, Nasa says
Watch live: https://t.co/3kJ8lsEB2v","Tweet","BBC Breaking News","BBCBreaking","24/8/2024, 10:55:31 pm","330","236","146","884","649157","63","en","No","SocialFlow","","https://x.com/BBCBreaking/status/1827396834903413221","","","https://bbc.in/4gcza3d"
"=""1827339796030591424""","German police say person arrested in connection with Solingen knife attack is aged 15, and they cannot rule out a terrorist motive 
Follow live: https://t.co/Y11DSGUWCG","Tweet","BBC Breaking News","BBCBreaking","24/8/2024, 7:08:52 pm","242","265","62","618","367530","42","en","No","SocialFlow","","https://x.com/BBCBreaking/status/1827339796030591424","","","https://bbc.in/3X2vwjx"
"=""1827325371122851984""","German police say a person has been detained over a possible connection to deadly knife attack in city of Solingen https://t.co/NOEWL2hN4k","Tweet","BBC Breaking News","BBCBreaking","24/8/2024, 6:11:33 pm","186","93","13","368","357055","16","en","No","SocialFlow","","https://x.com/BBCBreaking/status/1827325371122851984","","","https://bbc.in/3T4vOoJ"
"=""1827272639477428658""","Investigation into Sicily yacht deaths considering multiple options including manslaughter, officials say
 
Follow updates: https://t.co/C6Hej8EjAp","Tweet","BBC Breaking News","BBCBreaking","24/8/2024, 2:42:00 pm","94","57","16","266","292126","23","en","No","SocialFlow","","https://x.com/BBCBreaking/status/1827272639477428658","","","https://bbc.in/46YdPpU"
"=""1827095882161914007""","A number of people reported killed in a knife attack in the western German city of Solingen, local media say https://t.co/zbSdjH4eVt","Tweet","BBC Breaking News","BBCBreaking","24/8/2024, 2:59:38 am","588","559","107","1609","843560","98","en","No","SocialFlow","","https://x.com/BBCBreaking/status/1827095882161914007","","","https://bbc.in/4715aCZ"
"=""1827078315661832701""","Sacked BBC presenter Jermaine Jenas says he is sorry and ashamed he sent ""inappropriate messages"" to colleagues https://t.co/AbEiBA9Q26","Tweet","BBC Breaking News","BBCBreaking","24/8/2024, 1:49:50 am","567","202","329","800","2442491","126","en","No","SocialFlow","","https://x.com/BBCBreaking/status/1827078315661832701","","","https://bbc.in/3T2G3d8"
"=""1827065037975932983""","Robert F Kennedy Jr suspends independent presidential bid and will support Donald Trump https://t.co/83DZA9dWXR","Tweet","BBC Breaking News","BBCBreaking","24/8/2024, 12:57:04 am","505","299","84","1866","457142","27","en","No","SocialFlow","","https://x.com/BBCBreaking/status/1827065037975932983","","","https://bbc.in/46WAuTx"
"=""1826957373224702109""","Family release first picture of Mike Lynch and daughter Hannah, after sixth body found in Sicily yacht wreckage
https://t.co/cjUZaTUlb6","Tweet","BBC Breaking News","BBCBreaking","23/8/2024, 5:49:15 pm","117","69","7","295","386886","18","en","No","SocialFlow","","https://x.com/BBCBreaking/status/1826957373224702109","","","https://bbc.in/470gkb7"
"=""1826930876271214872""","Divers find body of last person missing after yacht sank off Sicily, believed to be 18-year-old Hannah Lynch, Italian media report
https://t.co/okMC1xbXJt","Tweet","BBC Breaking News","BBCBreaking","23/8/2024, 4:03:58 pm","76","92","10","422","293710","16","en","No","SocialFlow","","https://x.com/BBCBreaking/status/1826930876271214872","","","https://bbc.in/3AChn4W"
"=""1826883231712514199""","Man, 32, charged with murder over death of parcel delivery driver Claudiu-Carol Kondor in Leeds, England
https://t.co/EmM6KkrCD8","Tweet","BBC Breaking News","BBCBreaking","23/8/2024, 12:54:38 pm","0","33","9","221","246175","6","en","No","SocialFlow","","https://x.com/BBCBreaking/status/1826883231712514199","","","https://bbc.in/3WZbOVB"
"=""1826865865062514866""","Typical UK household energy bill to rise by £149 a year from October under new price cap set by regulator https://t.co/GjbktwFjVh","Tweet","BBC Breaking News","BBCBreaking","23/8/2024, 11:45:38 am","469","127","111","355","393968","29","en","No","SocialFlow","","https://x.com/BBCBreaking/status/1826865865062514866","","","https://bbc.in/4cwUNrK"
"=""1826809184622449024""","Kamala Harris to make pitch to “all Americans” as she accepts Democratic nomination for president 

Watch and follow live https://t.co/Yyd60xlz4v","Tweet","BBC Breaking News","BBCBreaking","23/8/2024, 8:00:24 am","158","65","4","391","311448","6","en","No","SocialFlow","","https://x.com/BBCBreaking/status/1826809184622449024","","","https://bbc.in/3XcpvlA"
"=""1826666185749938580""","Influencer Andrew Tate placed under house arrest as Romanian prosecutors probe new human trafficking and sexual exploitation allegations
https://t.co/ZZnSe6CCWj","Tweet","BBC Breaking News","BBCBreaking","22/8/2024, 10:32:11 pm","0","203","58","1002","353034","25","en","No","SocialFlow","","https://x.com/BBCBreaking/status/1826666185749938580","","","https://bbc.in/3XaPxFL"
"=""1826643444250386455""","The One Show and Match of the Day presenter Jermaine Jenas sacked by BBC over workplace conduct, sources say
https://t.co/m4idehUP6B","Tweet","BBC Breaking News","BBCBreaking","22/8/2024, 9:01:49 pm","575","448","688","3074","4070009","287","en","No","SocialFlow","","https://x.com/BBCBreaking/status/1826643444250386455","","","https://bbc.in/4g6tt6O"
"=""1826633575950631044""","Tech tycoon Mike Lynch's body recovered from Sicily wreck, but his daughter Hannah believed still missing, source close to family tells BBC
https://t.co/TFZwcPQKaa","Tweet","BBC Breaking News","BBCBreaking","22/8/2024, 8:22:36 pm","95","78","5","248","319376","21","en","No","SocialFlow","","https://x.com/BBCBreaking/status/1826633575950631044","","","https://bbc.in/3WUo8Xu"
"=""1826602019219497468""","Police hunting for two bulldog-type dogs after man found dead in suspected attack at house in Birmingham, UK https://t.co/bJ51eLNUQH","Tweet","BBC Breaking News","BBCBreaking","22/8/2024, 6:17:12 pm","163","114","36","364","363967","23","en","No","SocialFlow","","https://x.com/BBCBreaking/status/1826602019219497468","","","https://bbc.in/4fVaNqf"
"=""1826547463974514806""","First drug to slow progression of early-stage Alzheimer's approved by UK regulator - but will not be available on the NHS https://t.co/Zoxju8YWml","Tweet","BBC Breaking News","BBCBreaking","22/8/2024, 2:40:25 pm","217","229","37","793","377701","71","en","No","SocialFlow","","https://x.com/BBCBreaking/status/1826547463974514806","","","https://bbc.in/4doCHJL"
"=""1826539285857587412""","GCSE pass rate across England, Wales and Northern Ireland falls for third year running - with 67.6% of grades marked at 4/C or above https://t.co/DwKA0XG1BB","Tweet","BBC Breaking News","BBCBreaking","22/8/2024, 2:07:55 pm","146","80","45","336","381759","25","en","No","SocialFlow","","https://x.com/BBCBreaking/status/1826539285857587412","","","https://bbc.in/4cDG9iz"
"=""1826516867843870790""","Hundreds of thousands of students in England, Wales and Northern Ireland are getting their GCSE and BTec Tech Award results - follow live https://t.co/RHf9XHdPs6","Tweet","BBC Breaking News","BBCBreaking","22/8/2024, 12:38:50 pm","76","31","12","168","303886","11","en","No","SocialFlow","","https://x.com/BBCBreaking/status/1826516867843870790","","","https://bbc.in/4fUoqWQ"
"=""1826429436595454209""","Bill Clinton and Tim Walz to take Democratic convention stage, with reports Oprah Winfrey could appear 

Watch and follow live https://t.co/u3xhR1vDEU","Tweet","BBC Breaking News","BBCBreaking","22/8/2024, 6:51:25 am","117","44","7","231","288907","11","en","No","SocialFlow","","https://x.com/BBCBreaking/status/1826429436595454209","","","https://bbc.in/4cGETuN"
"=""1826395529368014866""","Democratic vice-presidential nominee Tim Walz, Bill Clinton and Nancy Pelosi to speak on third night of party convention - follow live https://t.co/FDuvnp3fRE","Tweet","BBC Breaking News","BBCBreaking","22/8/2024, 4:36:41 am","100","39","4","239","282946","7","en","No","SocialFlow","","https://x.com/BBCBreaking/status/1826395529368014866","","","https://bbc.in/3MdmGdN"
"=""1826295865847271884""","Man dies after being attacked by his own XL bully dog at home in Accrington, UK https://t.co/Md6VchI9JW","Tweet","BBC Breaking News","BBCBreaking","21/8/2024, 10:00:40 pm","603","356","286","2298","3320587","181","en","No","SocialFlow","","https://x.com/BBCBreaking/status/1826295865847271884","","","https://bbc.in/3MeHLV7"
"=""1826280094236618882""","Victims who died in house fire in Bradford, UK, named by police as Bryonie Gawith, 29, and children Denisty, nine, Oscar, five and 22-month-old Aubree Birtle
 
Read more: https://t.co/DrMkkCdvd5","Tweet","BBC Breaking News","BBCBreaking","21/8/2024, 8:57:59 pm","114","48","15","220","260997","17","en","No","SocialFlow","","https://x.com/BBCBreaking/status/1826280094236618882","","","https://bbc.in/3MeHiSY"
"=""1826255297016393909""","Divers have found two bodies inside the wreck of luxury yacht that sank off Sicily, reports say
https://t.co/ZjW5Hql0b0","Tweet","BBC Breaking News","BBCBreaking","21/8/2024, 7:19:27 pm","60","70","3","235","263864","17","en","No","SocialFlow","","https://x.com/BBCBreaking/status/1826255297016393909","","","https://bbc.in/3XcDHek"
"=""1826245597147381815""","Authorities in Pakistan have arrested a man on suspicion of cyber terrorism, in relation to disinformation thought to have fuelled UK unrest https://t.co/cicHLDbUM4","Tweet","BBC Breaking News","BBCBreaking","21/8/2024, 6:40:55 pm","1","83","10","234","216684","18","en","No","SocialFlow","","https://x.com/BBCBreaking/status/1826245597147381815","","","https://bbc.in/3XdOjJK"
"=""1826245895345615287""","Update: This article originally reported that police in Pakistan had told the BBC that Farhan Asif had been charged with cyber terrorism. The police have since confirmed that he is under arrest but has not been charged and we have updated our article to make that clear.","Reply","BBC Breaking News","BBCBreaking","21/8/2024, 6:42:06 pm","0","33","6","147","184337","12","en","No","Twitter Web App","","https://x.com/BBCBreaking/status/1826245895345615287","","",""
"=""1826219295187017854""","Four people, including three children, die in house fire in Bradford, UK, as man arrested on suspicion of murder
https://t.co/vkZRrZVlDg","Tweet","BBC Breaking News","BBCBreaking","21/8/2024, 4:56:24 pm","1","99","49","279","325717","18","en","No","SocialFlow","","https://x.com/BBCBreaking/status/1826219295187017854","","","https://bbc.in/3WMsPCw"
"=""1826162194091737176""","BBC presenter Lauren Laverne says she has been diagnosed with cancer and expects to make a full recovery https://t.co/QChqJSzEqL","Tweet","BBC Breaking News","BBCBreaking","21/8/2024, 1:09:30 pm","136","82","35","867","358060","23","en","No","SocialFlow","","https://x.com/BBCBreaking/status/1826162194091737176","","","https://bbc.in/3SZ3N1T"
"=""1826126547498979596""","Twenty-eight killed after bus carrying Pakistani pilgrims overturns in Iran, state media reports https://t.co/d2rfxDsd2m","Tweet","BBC Breaking News","BBCBreaking","21/8/2024, 10:47:51 am","74","74","4","222","268288","14","en","No","SocialFlow","","https://x.com/BBCBreaking/status/1826126547498979596","","","https://bbc.in/3Xa3RhU"
"=""1826087207188258819""","Watch live as Michelle and Barack Obama give headline speeches on second night of Democratic National Convention https://t.co/XmyAVnQ0pR","Tweet","BBC Breaking News","BBCBreaking","21/8/2024, 8:11:31 am","115","46","3","277","287448","7","en","No","SocialFlow","","https://x.com/BBCBreaking/status/1826087207188258819","","","https://bbc.in/4dMuq1Y"
"=""1826052249052668313""","Jennifer Lopez files for divorce from Ben Affleck after two years of marriage https://t.co/3rxtKC4SlR","Tweet","BBC Breaking News","BBCBreaking","21/8/2024, 5:52:37 am","253","130","70","474","404791","26","en","No","SocialFlow","","https://x.com/BBCBreaking/status/1826052249052668313","","","https://bbc.in/4duuHHf"
"=""1825925098177450340""","Body of man recovered near Sicily yacht believed to be that of Canadian-Antiguan chef Recaldo Thomas
 
Follow live: https://t.co/rZMbPxBdfa","Tweet","BBC Breaking News","BBCBreaking","20/8/2024, 9:27:22 pm","96","76","5","240","261836","14","en","No","SocialFlow","","https://x.com/BBCBreaking/status/1825925098177450340","","","https://bbc.in/3X9i0fg"
"=""1825878463275831345""","Divers searching for six missing on sunken yacht off Sicily struggle to reach cabins with ""world of objects"" blocking way

Follow live: https://t.co/Ihl3POVqS5","Tweet","BBC Breaking News","BBCBreaking","20/8/2024, 6:22:03 pm","76","60","11","226","336585","10","en","No","SocialFlow","","https://x.com/BBCBreaking/status/1825878463275831345","","","https://bbc.in/3SRSVmA"
"=""1825875130402095532""","King Charles arrives in Southport where he will meet survivors of deadly knife attack 

Live updates: https://t.co/AkJexkXstp","Tweet","BBC Breaking News","BBCBreaking","20/8/2024, 6:08:48 pm","0","39","18","304","288627","9","en","No","SocialFlow","","https://x.com/BBCBreaking/status/1825875130402095532","","","https://bbc.in/4dPh6d9"
"=""1825796831734862200""","The bodies of six hostages held in Gaza have been retrieved from the Khan Younis area, Israel's military says https://t.co/6ejx4Jreww","Tweet","BBC Breaking News","BBCBreaking","20/8/2024, 12:57:41 pm","147","165","11","518","292560","20","en","No","SocialFlow","","https://x.com/BBCBreaking/status/1825796831734862200","","","https://bbc.in/4dtQXRp"
"=""1825737766132428991""","Watch live as tearful Joe Biden takes stage at Democratic convention and ""passes torch"" to Kamala Harris https://t.co/vrtxcJQJua","Tweet","BBC Breaking News","BBCBreaking","20/8/2024, 9:02:58 am","120","77","5","415","319576","10","en","No","SocialFlow","","https://x.com/BBCBreaking/status/1825737766132428991","","","https://bbc.in/3SWLD0O"
"=""1825705233969819866""","Kamala Harris says Democrats 'forever grateful' to Joe Biden before he gives farewell speech at party convention

Follow live https://t.co/eKXJ6MiFxi","Tweet","BBC Breaking News","BBCBreaking","20/8/2024, 6:53:42 am","69","66","6","432","299721","15","en","No","SocialFlow","","https://x.com/BBCBreaking/status/1825705233969819866","","","https://bbc.in/3yB5ETN"
"=""1825582134192423301""","Tech tycoon Mike Lynch’s daughter and the yacht’s chef also among missing after boat sank off Sicilian coast - follow updates https://t.co/4EMdMb1yjs","Tweet","BBC Breaking News","BBCBreaking","19/8/2024, 10:44:33 pm","92","79","5","215","313152","19","en","No","SocialFlow","","https://x.com/BBCBreaking/status/1825582134192423301","","","https://bbc.in/3YXn9YS"
"=""1825533558389199254""","UK tech entrepreneur Mike Lynch among those missing after luxury yacht sank off coast of Sicily https://t.co/ZsN0TfVvKA","Tweet","BBC Breaking News","BBCBreaking","19/8/2024, 7:31:31 pm","77","84","30","230","401180","24","en","No","SocialFlow","","https://x.com/BBCBreaking/status/1825533558389199254","","","https://bbc.in/3MdsIuS"
"=""1825501579417424211""","""It was a disaster""

Captain who rescued survivors from Sicily yacht sinking says he saw a red flare, then a life raft with 15 people inside https://t.co/ms8rEEAGQk","Tweet","BBC Breaking News","BBCBreaking","19/8/2024, 5:24:27 pm","77","81","13","336","390060","28","en","No","SocialFlow","","https://x.com/BBCBreaking/status/1825501579417424211","","","https://bbc.in/3M8e34d"
"=""1825454577753190438""","Seven missing after sailboat with mostly British passengers sinks off Italian coast https://t.co/cykvgp2yOk","Tweet","BBC Breaking News","BBCBreaking","19/8/2024, 2:17:41 pm","102","124","23","404","395753","19","en","No","SocialFlow","","https://x.com/BBCBreaking/status/1825454577753190438","","","https://bbc.in/3SVlEXH"
"=""1825404856766537742""","Emergency move to ease prison overcrowding in England activated as more rioters set to be jailed https://t.co/2ZY3ssttHr","Tweet","BBC Breaking News","BBCBreaking","19/8/2024, 11:00:06 am","0","307","535","634","2037952","255","en","No","SocialFlow","","https://x.com/BBCBreaking/status/1825404856766537742","","","https://bbc.in/3XbowCh"
"=""1825185095751221692""","Struggling fashion chain Ted Baker will close its remaining 31 stores by Tuesday, putting more than 500 jobs at risk https://t.co/C3RGQDMUaA","Tweet","BBC Breaking News","BBCBreaking","18/8/2024, 8:26:51 pm","205","233","66","643","534948","37","en","No","SocialFlow","","https://x.com/BBCBreaking/status/1825185095751221692","","","https://bbc.in/3YOGVFV"
"=""1824443808701915247""","“Hannah had everything to live for” - mum of girl, 13, with dairy allergy who died after Costa drink speaks out as UK inquest finds “failures”
https://t.co/qPkmKAEOEj","Tweet","BBC Breaking News","BBCBreaking","16/8/2024, 7:21:15 pm","221","102","18","418","353045","26","en","No","SocialFlow","","https://x.com/BBCBreaking/status/1824443808701915247","","","https://bbc.in/3X5Iuhr"
"=""1824416478239633425""","Man who admitted assaulting emergency worker during unrest in Blackpool, England, being sentenced - watch and follow live https://t.co/uWNuJWL4yp","Tweet","BBC Breaking News","BBCBreaking","16/8/2024, 5:32:39 pm","250","85","9","329","333676","11","en","No","SocialFlow","","https://x.com/BBCBreaking/status/1824416478239633425","","","https://bbc.in/4dvyion"
"=""1824318346931704303""","Paetongtarn Shinawatra, 37, becomes Thailand's youngest-ever prime minister after vote in parliament
https://t.co/1oe786ElIS","Tweet","BBC Breaking News","BBCBreaking","16/8/2024, 11:02:42 am","131","985","74","1075","517019","65","en","No","SocialFlow","","https://x.com/BBCBreaking/status/1824318346931704303","","","https://bbc.in/3X5Fl19"
"=""1824133498606592036""","Five charged over actor Matthew Perry's death last year, as police say ""broad criminal network"" of drug suppliers uncovered
https://t.co/O9lvJJJNrX","Tweet","BBC Breaking News","BBCBreaking","15/8/2024, 10:48:11 pm","121","179","49","586","440016","29","en","No","SocialFlow","","https://x.com/BBCBreaking/status/1824133498606592036","","","https://bbc.in/4dlP0GL"
"=""1824113587591303199""","Sweden confirms first case of more contagious variant of mpox disease outside Africa https://t.co/dhoXtVxLbO","Tweet","BBC Breaking News","BBCBreaking","15/8/2024, 9:29:04 pm","1323","2076","1185","3954","2239425","417","en","No","SocialFlow","","https://x.com/BBCBreaking/status/1824113587591303199","","","https://bbc.in/4dGzIMv"
"=""1824096017236549747""","Arrests made over drug-related death of Friends star Matthew Perry last year, US media report https://t.co/fLSWI9Sqo8","Tweet","BBC Breaking News","BBCBreaking","15/8/2024, 8:19:15 pm","93","182","13","657","410132","35","en","No","SocialFlow","","https://x.com/BBCBreaking/status/1824096017236549747","","","https://bbc.in/3MdTBi5"
"=""1824082910783131827""","JD Vance and Tim Walz agree to US vice-presidential debate on 1 October in New York https://t.co/mE8CyvySqS","Tweet","BBC Breaking News","BBCBreaking","15/8/2024, 7:27:10 pm","108","161","37","1063","335526","23","en","No","SocialFlow","","https://x.com/BBCBreaking/status/1824082910783131827","","","https://bbc.in/4dFpHz4"
"=""1824081695651365330""","Man charged with attempted murder after police officer was stabbed at high-security Frankland Prison, in England https://t.co/UEQb1kJkXh","Tweet","BBC Breaking News","BBCBreaking","15/8/2024, 7:22:20 pm","0","45","7","213","239276","12","en","No","SocialFlow","","https://x.com/BBCBreaking/status/1824081695651365330","","","https://bbc.in/3YNwjra"
"=""1824068697658360224""","Boy, 15, first to be charged with more serious offence of rioting during recent UK unrest 

Follow live updates: https://t.co/E2I8XGV6QV","Tweet","BBC Breaking News","BBCBreaking","15/8/2024, 6:30:41 pm","26","72","16","359","308662","21","en","No","SocialFlow","","https://x.com/BBCBreaking/status/1824068697658360224","","","https://bbc.in/4cthMUs"
"=""1824027524885577832""","More than 40,000 people killed in Gaza as a result of Israeli military action since 7 October attack, Hamas-run health ministry says https://t.co/jO7duO6LAm","Tweet","BBC Breaking News","BBCBreaking","15/8/2024, 3:47:05 pm","1124","434","173","1078","838321","66","en","No","SocialFlow","","https://x.com/BBCBreaking/status/1824027524885577832","","","https://bbc.in/46MMl6l"
"=""1824024502742773774""","US-Russian woman jailed for 12 years in Russia for treason, over $51 donation to charity supporting Ukraine https://t.co/APaIMmILhz","Tweet","BBC Breaking News","BBCBreaking","15/8/2024, 3:35:04 pm","291","402","77","936","470049","57","en","No","SocialFlow","","https://x.com/BBCBreaking/status/1824024502742773774","","","https://bbc.in/3X5VpAj"
"=""1824002466532233246""","Top A-level results across England, Wales and Northern Ireland up for first time since 2021 - with 27.8% of all grades marked A* or A 

Follow live: https://t.co/f5YQrx9T3t","Tweet","BBC Breaking News","BBCBreaking","15/8/2024, 2:07:31 pm","52","55","15","245","251678","8","en","No","SocialFlow","","https://x.com/BBCBreaking/status/1824002466532233246","","","https://bbc.in/4dpFLFr"
"=""1823965346673414250""","UK economy grew by 0.6% between April and June, according to latest figures https://t.co/jRh0vNqW6O","Tweet","BBC Breaking News","BBCBreaking","15/8/2024, 11:40:00 am","131","95","14","475","350619","22","en","No","SocialFlow","","https://x.com/BBCBreaking/status/1823965346673414250","","","https://bbc.in/3X5FNwG"
"=""1823892150251065627""","Columbia University President Minouche Shafik resigns months after Gaza protests engulfed campus https://t.co/69K3lD1AIA","Tweet","BBC Breaking News","BBCBreaking","15/8/2024, 6:49:09 am","103","93","15","496","329164","23","en","No","SocialFlow","","https://x.com/BBCBreaking/status/1823892150251065627","","","https://bbc.in/3SNTbCZ"
"=""1823767607847043516""","Nasa to give update on two American astronauts stuck on International Space Station

Follow live https://t.co/YyNVbn6EWC","Tweet","BBC Breaking News","BBCBreaking","14/8/2024, 10:34:16 pm","127","96","36","395","362112","22","en","No","SocialFlow","","https://x.com/BBCBreaking/status/1823767607847043516","","","https://bbc.in/46NpBTV"
"=""1823737846978535797""","Scientists ""shocked"" as research shows Altar Stone at heart of Stonehenge actually came from far north of Scotland, not Wales as previously thought https://t.co/lEjXY7NWDs","Tweet","BBC Breaking News","BBCBreaking","14/8/2024, 8:36:00 pm","209","510","154","1993","526430","156","en","No","SocialFlow","","https://x.com/BBCBreaking/status/1823737846978535797","","","https://trib.al/2DjmCLo"
"=""1823694854703956169""","Man, 26, who kicked female police officer to the ground during recent disorder in UK jailed for three years - follow live updates https://t.co/5ZEBr6POQ8","Tweet","BBC Breaking News","BBCBreaking","14/8/2024, 5:45:10 pm","0","192","82","1199","615887","20","en","No","SocialFlow","","https://x.com/BBCBreaking/status/1823694854703956169","","","https://bbc.in/3YIkC4M"
"=""1823682229274312790""","Ukraine has pushed 1-2km further into Russia since this morning, President Volodymyr Zelensky claims, as cross-border attack continues https://t.co/464uzmJUcc","Tweet","BBC Breaking News","BBCBreaking","14/8/2024, 4:55:00 pm","165","226","19","1080","367793","22","en","No","SocialFlow","","https://x.com/BBCBreaking/status/1823682229274312790","","","https://bbc.in/3SMJggS"
"=""1823604180658885091""","UK inflation rate rises for the first time this year to 2.2% https://t.co/MD8Icd5zhP","Tweet","BBC Breaking News","BBCBreaking","14/8/2024, 11:44:52 am","137","114","27","322","325550","15","en","No","SocialFlow","","https://x.com/BBCBreaking/status/1823604180658885091","","","https://bbc.in/3SOsiif"
"=""1823316170683871738""","Girl, 13, pleads guilty to using or threatening unlawful violence, as more people appear in court over recent unrest in England and Northern Ireland https://t.co/QD8X9e0j7I","Tweet","BBC Breaking News","BBCBreaking","13/8/2024, 4:40:25 pm","0","97","128","345","401251","35","en","No","SocialFlow","","https://x.com/BBCBreaking/status/1823316170683871738","","","https://bbc.in/4dhXIpB"
"=""1823246327452520775""","Priest who posed a risk to children given six-figure pay-off by Church of England, BBC investigation finds https://t.co/bL1uY2FL23","Tweet","BBC Breaking News","BBCBreaking","13/8/2024, 12:02:53 pm","5","379","181","586","474681","61","en","No","SocialFlow","","https://x.com/BBCBreaking/status/1823246327452520775","","","https://bbc.in/3SN6d3o"
"=""1823236071301300543""","Man charged with attempted murder after 11-year-old girl stabbed in London's Leicester Square, police say https://t.co/6KgLGDPrlU","Tweet","BBC Breaking News","BBCBreaking","13/8/2024, 11:22:08 am","0","130","102","457","464233","23","en","No","SocialFlow","","https://x.com/BBCBreaking/status/1823236071301300543","","","https://bbc.in/3M4Q1a2"
"=""1823030759231230271""","Today has been the UK's hottest day of the year so far, with 34.8C reached in Cambridge, Met Office says https://t.co/z85aMiwUAb","Tweet","BBC Breaking News","BBCBreaking","12/8/2024, 9:46:17 pm","428","159","99","696","600403","28","en","No","SocialFlow","","https://x.com/BBCBreaking/status/1823030759231230271","","","https://bbc.in/3yoIC2o"
"=""1822983892447400325""","Five-time Olympic diving medallist Tom Daley confirms his retirement https://t.co/CWQNsZ0eCe","Tweet","BBC Breaking News","BBCBreaking","12/8/2024, 6:40:04 pm","144","161","39","1298","406440","26","en","No","SocialFlow","","https://x.com/BBCBreaking/status/1822983892447400325","","","https://bbc.in/46GzK4A"
"=""1822976853734244557""","Man arrested after girl, 11, and woman, 34, stabbed in London's Leicester Square and taken to major trauma centre https://t.co/cgmV4ldqSk","Tweet","BBC Breaking News","BBCBreaking","12/8/2024, 6:12:05 pm","19","262","269","853","1248741","66","en","No","SocialFlow","","https://x.com/BBCBreaking/status/1822976853734244557","","","https://bbc.in/3WZ4GKf"
"=""1822973762062414054""","Boy, 12, pleads guilty to violent disorder - the youngest person yet to appear in court over recent unrest in Southport, England
 
Follow updates https://t.co/zZch8JUN0K","Tweet","BBC Breaking News","BBCBreaking","12/8/2024, 5:59:48 pm","0","91","56","442","913184","24","en","No","SocialFlow","","https://x.com/BBCBreaking/status/1822973762062414054","","","https://bbc.in/3Axa9is"
"=""1822972124614607246""","Vladimir Putin vows to ""kick the enemy out"" of Russia a week after Ukraine launched cross-border attack 

Follow live https://t.co/M5wO5URetS","Tweet","BBC Breaking News","BBCBreaking","12/8/2024, 5:53:18 pm","138","78","23","338","341520","8","en","No","SocialFlow","","https://x.com/BBCBreaking/status/1822972124614607246","","","https://bbc.in/3YAJD1U"
"=""1822882728779321493""","Doctor warned three years before Nottingham attacks that Valdo Calocane could ""end up killing someone"", medical records seen by BBC show https://t.co/Ia9JBf10LY","Tweet","BBC Breaking News","BBCBreaking","12/8/2024, 11:58:04 am","202","185","54","648","447483","48","en","No","SocialFlow","","https://x.com/BBCBreaking/status/1822882728779321493","","","https://bbc.in/4dkXfTk"
"=""1822713378843787551""","Paris set for a star-studded Olympics finale with Billie Eilish, Snoop Dogg and Red Hot Chili Peppers. Watch closing ceremony live: https://t.co/9W6ysHWRcF","Tweet","BBC Breaking News","BBCBreaking","12/8/2024, 12:45:08 am","138","78","29","367","395149","23","en","No","SocialFlow","","https://x.com/BBCBreaking/status/1822713378843787551","","","https://bbc.in/3YZ8gFR"
"=""1822609308611182749""","Team GB have won their last medal of #Paris2024 

They finish on 65 - one above Great Britain's total in Tokyo 2020.

🥇🥈🥉

#Olympics https://t.co/PyyysCZpos","Retweet","BBC Sport","BBCSport","11/8/2024, 5:51:36 pm","292","381","61","5669","595086","47","en","No","TweetDeck Web App","#Paris2024, #Olympics","https://x.com/BBCSport/status/1822609308611182749","photo","https://pbs.twimg.com/media/GUs1LJAWMAAOUcv.jpg",""
"=""1822554466354110894""","President Zelensky confirms Ukranian troops fighting inside Russia as 76,000 evacuated from Kursk border region

Follow live: https://t.co/nxV6ryKygv ⁠","Tweet","BBC Breaking News","BBCBreaking","11/8/2024, 2:13:40 pm","145","205","17","893","359003","18","en","No","SocialFlow","","https://x.com/BBCBreaking/status/1822554466354110894","","","https://bbc.in/4dWMZRp"
"=""1822252181665259891""","Parents of Bebe King, 6, killed in Southport stabbing, remember her ""joy, light and love"" and say their older daughter saw attack https://t.co/1YIe839uyx","Tweet","BBC Breaking News","BBCBreaking","10/8/2024, 6:12:30 pm","0","109","31","623","356205","16","en","No","SocialFlow","","https://x.com/BBCBreaking/status/1822252181665259891","","","https://bbc.in/3SLNpSd"
"=""1821990110184783977""","King Charles praises ""community spirit"" and says he hopes for unity after ""aggression and criminality"" of recent disorder https://t.co/IQdcGUCO1q","Tweet","BBC Breaking News","BBCBreaking","10/8/2024, 12:51:07 am","605","185","70","1174","579117","45","en","No","SocialFlow","","https://x.com/BBCBreaking/status/1821990110184783977","","","https://bbc.in/3WHKv1V"
"=""1821968299518775595""","A passenger plane with 62 people on board has crashed in Vinhedo, Brazil, local media report
https://t.co/WkCcEusWl3","Tweet","BBC Breaking News","BBCBreaking","9/8/2024, 11:24:27 pm","175","552","55","1293","587752","44","en","No","SocialFlow","","https://x.com/BBCBreaking/status/1821968299518775595","","","https://bbc.in/46ItYiQ"
"=""1821910684247928919""","Jordan Parlour jailed for 20 months for stirring up racial hatred on Facebook during recent disorder

Follow live: https://t.co/4D8tMlbClX","Tweet","BBC Breaking News","BBCBreaking","9/8/2024, 7:35:31 pm","0","86","35","468","271772","8","en","No","Twitter Web App","","https://x.com/BBCBreaking/status/1821910684247928919","","","https://www.bbc.co.uk/news/live/cpdlvz80pjzt"
"=""1821901516514464000""","Suspended Labour councillor Ricky Jones charged with encouraging violent disorder at London counter-protest
 
Follow live: https://t.co/JyqYqCXUWA","Tweet","BBC Breaking News","BBCBreaking","9/8/2024, 6:59:05 pm","9","102","39","542","281489","18","en","No","SocialFlow","","https://x.com/BBCBreaking/status/1821901516514464000","","","https://bbc.in/3YD1i8X"
"=""1821898248681873861""","Lee Carsley named interim head coach of England men's football team, FA says 
Follow live reaction:  https://t.co/VdwpAtndxG","Tweet","BBC Breaking News","BBCBreaking","9/8/2024, 6:46:06 pm","78","29","5","134","261979","5","en","No","SocialFlow","","https://x.com/BBCBreaking/status/1821898248681873861","","","https://bbc.in/3WZqSUJ"
"=""1821876644249735466""","Watch live as four men to be sentenced in connection with the UK riots
https://t.co/frH3Pd0hE0","Tweet","BBC Breaking News","BBCBreaking","9/8/2024, 5:20:15 pm","0","43","37","231","275950","11","en","No","SocialFlow","","https://x.com/BBCBreaking/status/1821876644249735466","","","https://bbc.in/3Ah91zL"
"=""1821871336064467196""","Toby Roberts wins GOLD for Team GB! 🥇

What an effort 👏

#BBCOlympics #Olympics #Paris2024 https://t.co/DYMCPXvj9z","Retweet","BBC Sport","BBCSport","9/8/2024, 4:59:09 pm","143","312","77","5746","497051","22","en","No","Twitter Web App","#BBCOlympics, #Olympics, #Paris2024","https://x.com/BBCSport/status/1821871336064467196","photo","https://pbs.twimg.com/media/GUiWLAPWcAAn8k7.jpg",""
"=""1821865682100752392""","Former news presenter Huw Edwards has been asked to return salary paid since arrest and has "" undermined trust"" in BBC, says board
https://t.co/1KphxBPFFq","Tweet","BBC Breaking News","BBCBreaking","9/8/2024, 4:36:41 pm","0","134","81","542","328847","24","en","No","SocialFlow","","https://x.com/BBCBreaking/status/1821865682100752392","","","https://bbc.in/3LZ3G2l"
"=""1821620569814475142""","Botswana's Letsile Tebogo wins Olympic 200m with commanding sprint - claiming his country's first ever gold 
https://t.co/leryjdS0Ws","Tweet","BBC Breaking News","BBCBreaking","9/8/2024, 12:22:42 am","131","149","15","1219","369703","6","en","No","SocialFlow","","https://x.com/BBCBreaking/status/1821620569814475142","","","https://bbc.in/3LVCt0L"
"=""1821572829608890675""","Sailor Ellie Aldridge wins Team GB's 13th gold medal of Paris Olympics with victory in women's kite 
https://t.co/VunbGpVFjP","Tweet","BBC Breaking News","BBCBreaking","8/8/2024, 9:13:00 pm","128","75","11","938","339858","4","en","No","SocialFlow","","https://x.com/BBCBreaking/status/1821572829608890675","","","https://bbc.in/3WWUwtq"
"=""1821571591005745417""","Suspended Labour councillor Ricky Jones arrested on suspicion of encouraging murder after comments at London counter-protest
Follow live https://t.co/Drk3pqCsI6","Tweet","BBC Breaking News","BBCBreaking","8/8/2024, 9:08:05 pm","1","297","208","1225","679180","83","en","No","SocialFlow","","https://x.com/BBCBreaking/status/1821571591005745417","","","https://bbc.in/3AiZwA0"
"=""1821502420205134239""","Two rioters jailed for two years and eight months for violent disorder in Merseyside, UK - follow live https://t.co/Vw3s2pFza6","Tweet","BBC Breaking News","BBCBreaking","8/8/2024, 4:33:13 pm","295","127","30","920","449276","12","en","No","SocialFlow","","https://x.com/BBCBreaking/status/1821502420205134239","","","https://bbc.in/3WYNAwg"
"=""1821496525362532508""","Watch live as two men sentenced for violent disorder in unrest after Southport attack in England https://t.co/D7Pk8DzE2I","Tweet","BBC Breaking News","BBCBreaking","8/8/2024, 4:09:48 pm","2","62","33","355","345893","13","en","No","SocialFlow","","https://x.com/BBCBreaking/status/1821496525362532508","","","https://bbc.in/4chxiTm"
"=""1821282682908684439""","All three Taylor Swift concerts in Vienna cancelled after police arrest two men suspected of planning attacks
https://t.co/nkfZukrjPu","Tweet","BBC Breaking News","BBCBreaking","8/8/2024, 2:00:04 am","644","1402","468","4127","1902470","212","en","No","SocialFlow","","https://x.com/BBCBreaking/status/1821282682908684439","","","https://bbc.in/3Yz5bfe"
"=""1821154441308918221""","President Vladimir Putin accuses Ukraine of ""major provocation"" with clashes reported in Russia's Kursk border region
 
https://t.co/iozlNqWWQy","Tweet","BBC Breaking News","BBCBreaking","7/8/2024, 5:30:28 pm","396","114","69","479","427295","22","en","No","SocialFlow","","https://x.com/BBCBreaking/status/1821154441308918221","","","https://bbc.in/3WBLWPJ"
"=""1821145284627349980""","Three men jailed for between three years and 20 months for violent disorder in Merseyside following Southport attack https://t.co/iHNFNW5DOt","Tweet","BBC Breaking News","BBCBreaking","7/8/2024, 4:54:05 pm","0","135","79","711","322532","20","en","No","SocialFlow","","https://x.com/BBCBreaking/status/1821145284627349980","","","https://bbc.in/4dyOVyW"
"=""1820936682771775799""","Kamala Harris and new running mate Tim Walz make first campaign appearance together - watch and follow live https://t.co/tcxPJU8s7J","Tweet","BBC Breaking News","BBCBreaking","7/8/2024, 3:05:11 am","162","68","6","403","363769","17","en","No","SocialFlow","","https://x.com/BBCBreaking/status/1820936682771775799","","","https://bbc.in/3SDtwwI"
"=""1820936423970648567""","Algeria's Imane Khelif wins Olympic women's boxing semi-final and will fight for gold on Friday, after gender eligibility row https://t.co/MmqW2tOowk.","Tweet","BBC Breaking News","BBCBreaking","7/8/2024, 3:04:09 am","1536","493","251","7441","958585","136","en","No","SocialFlow","","https://x.com/BBCBreaking/status/1820936423970648567","","","https://bbc.in/4dQMqIP"
"=""1820908546570998253""","UK Prime Minister Sir Keir Starmer promises communities ""will be safe"" after emergency meeting about riots https://t.co/MJQyoxevAV","Tweet","BBC Breaking News","BBCBreaking","7/8/2024, 1:13:23 am","9","123","65","489","374725","15","en","No","SocialFlow","","https://x.com/BBCBreaking/status/1820908546570998253","","","https://bbc.in/4cwbMKZ"
"=""1820899676670902586""","USA's Cole Hocker wins shock 1500m gold ahead of GB's Josh Kerr at Paris Olympics. Follow live https://t.co/LHjjnAKXOv","Tweet","BBC Breaking News","BBCBreaking","7/8/2024, 12:38:08 am","101","53","5","374","385488","4","en","No","SocialFlow","","https://x.com/BBCBreaking/status/1820899676670902586","","","https://bbc.in/3WUcixq"
"=""1820858344757702767""","Sky Brown, 16, wins skateboarding bronze for Team GB, despite dislocating shoulder before going to Paris Olympics https://t.co/DO3VAhJXQo","Tweet","BBC Breaking News","BBCBreaking","6/8/2024, 9:53:53 pm","113","67","12","945","363124","8","en","No","SocialFlow","","https://x.com/BBCBreaking/status/1820858344757702767","","","https://bbc.in/4ceeF2K"
"=""1820837553274077198""","Tim Walz says it's ""honour of a lifetime"" to be Kamala Harris's running mate, as Trump team brands Minnesota governor ""dangerously liberal"" 

Follow live https://t.co/JCwhO7vRKB","Tweet","BBC Breaking News","BBCBreaking","6/8/2024, 8:31:16 pm","146","105","21","577","346517","15","en","No","SocialFlow","","https://x.com/BBCBreaking/status/1820837553274077198","","","https://bbc.in/3yi7AAt"
"=""1820822867505803740""","All the children who were in hospital after Southport, England stabbing attack now discharged  
 
Follow live https://t.co/Q4rHtQ7FJZ","Tweet","BBC Breaking News","BBCBreaking","6/8/2024, 7:32:55 pm","0","86","25","927","265161","12","en","No","SocialFlow","","https://x.com/BBCBreaking/status/1820822867505803740","","","https://bbc.in/3MfidY9"
"=""1820808541105430785""","Kamala Harris picks Minnesota Governor Tim Walz, a former high school teacher, as running mate for election, US media report
 
Follow live https://t.co/GUg6cR7zL8","Tweet","BBC Breaking News","BBCBreaking","6/8/2024, 6:35:59 pm","147","298","61","1344","491033","30","en","No","SocialFlow","","https://x.com/BBCBreaking/status/1820808541105430785","","","https://bbc.in/3WV2T7Z"
"=""1820780496353149427""","Man, 28, becomes first person to be charged with stirring racial hatred online in relation to current violent disorder in UK https://t.co/GCyH5AXxUU","Tweet","BBC Breaking News","BBCBreaking","6/8/2024, 4:44:33 pm","0","303","174","1271","637782","69","en","No","SocialFlow","","https://x.com/BBCBreaking/status/1820780496353149427","","","https://bbc.in/4dvSvdn"
"=""1820774343414022564""","Eluned Morgan says ""potential is limitless"" for women in Wales as she is confirmed first female first minister of the nation
https://t.co/WbsQFMPaFW","Tweet","BBC Breaking News","BBCBreaking","6/8/2024, 4:20:06 pm","135","72","14","429","293290","9","en","No","SocialFlow","","https://x.com/BBCBreaking/status/1820774343414022564","","","https://bbc.in/3WDdSTh"
"=""1820759716672253977""","Police investigate serious assault on man in his 50s as racially motivated hate crime during Belfast riot in Northern Ireland 
 
Follow live https://t.co/0I5ANs0T5z","Tweet","BBC Breaking News","BBCBreaking","6/8/2024, 3:21:59 pm","0","107","22","259","289928","12","en","No","SocialFlow","","https://x.com/BBCBreaking/status/1820759716672253977","","","https://bbc.in/4deg62s"
"=""1820548817776673202""","Keely Hodgkinson wins 800m and Team GB's first gold medal in athletics at Olympics for eight years https://t.co/91DBG7JQSq","Tweet","BBC Breaking News","BBCBreaking","6/8/2024, 1:23:56 am","176","130","13","1904","454117","13","en","No","SocialFlow","","https://x.com/BBCBreaking/status/1820548817776673202","","","https://bbc.in/4dtssn6"
"=""1820545364010606739""","Google acted illegally to maintain monopoly over online searches, US judge rules in landmark case https://t.co/YXjMJRA9o4","Tweet","BBC Breaking News","BBCBreaking","6/8/2024, 1:10:13 am","208","843","105","2511","553212","122","en","No","SocialFlow","","https://x.com/BBCBreaking/status/1820545364010606739","","","https://bbc.in/4fq80VU"
"=""1820524457531760822""","Team GB break world record to take cycling gold in women's team sprint at Paris Olympics

Follow live: https://t.co/tGX4naAtID","Tweet","BBC Breaking News","BBCBreaking","5/8/2024, 11:47:09 pm","82","68","6","892","328022","9","en","No","SocialFlow","","https://x.com/BBCBreaking/status/1820524457531760822","","","https://bbc.in/46yfqlY"
"=""1820456724551053776""","US markets tumble amid global sell-off as fears grow over economic slowdown in world's largest economy
 
Follow live https://t.co/hBCzfERL4E","Tweet","BBC Breaking News","BBCBreaking","5/8/2024, 7:18:00 pm","167","217","39","483","460255","29","en","No","SocialFlow","","https://x.com/BBCBreaking/status/1820456724551053776","","","https://bbc.in/3MdvGjb"
"=""1820436374593343495""","UK Prime Minister Sir Keir Starmer says ""an army"" of specialist police officers are on standby to tackle violent disorder
 
Follow live https://t.co/WM0Gwd2Z2e","Tweet","BBC Breaking News","BBCBreaking","5/8/2024, 5:57:08 pm","584","168","68","701","409145","28","en","No","SocialFlow","","https://x.com/BBCBreaking/status/1820436374593343495","","","https://bbc.in/3yrsuwP"
"=""1820390859784814792""","Bangladeshi PM resigns and flees country as anti-government protesters storm her official residence in capital Dhaka
 
Follow live https://t.co/Vg1OSH5rRM","Tweet","BBC Breaking News","BBCBreaking","5/8/2024, 2:56:16 pm","358","1392","287","1964","667392","115","en","No","SocialFlow","","https://x.com/BBCBreaking/status/1820390859784814792","","","https://bbc.in/3Ys66hy"
"=""1820360559285428521""","Graham Thorpe, the former England and surrey cricketer, has died at the age of 55
https://t.co/fDyXPGum9G","Tweet","BBC Breaking News","BBCBreaking","5/8/2024, 12:55:52 pm","122","83","46","488","399023","9","en","No","SocialFlow","","https://x.com/BBCBreaking/status/1820360559285428521","","","https://bbc.in/3YzhVT4"
"=""1820124022077624681""","""You will regret taking part,"" says PM Keir Starmer as he describes ""far-right thuggery"" on UK streets
 
Follow live https://t.co/avFOtizkLW","Tweet","BBC Breaking News","BBCBreaking","4/8/2024, 9:15:57 pm","0","212","132","917","453728","24","en","No","SocialFlow","","https://x.com/BBCBreaking/status/1820124022077624681","","","https://bbc.in/3yh2hRM"
"=""1820089694207488131""","Crowd chanting ""get them out"" gathers at hotel in Rotherham, UK, with bottles thrown at police and windows broken 
 
Follow updates https://t.co/HFTjABpkgp","Tweet","BBC Breaking News","BBCBreaking","4/8/2024, 6:59:33 pm","0","178","169","579","1050109","35","en","No","SocialFlow","","https://x.com/BBCBreaking/status/1820089694207488131","","","https://bbc.in/3yt4Lwh"
"=""1820026442702377176""","""Mayhem"" at protests in several UK cities has made ""people frightened because of colour of their skin"", says UK policing minister 
 
Follow live https://t.co/fhKUrduGbq","Tweet","BBC Breaking News","BBCBreaking","4/8/2024, 2:48:13 pm","0","188","295","527","943356","48","en","No","SocialFlow","","https://x.com/BBCBreaking/status/1820026442702377176","","","https://bbc.in/46zoozt"
"=""1819780064080187593""","UK's Home Secretary Yvette Cooper says ""thuggery has no place on Britain's streets"" after disorder at protests in several UK cities
 
Follow live https://t.co/L83c2RXP82","Tweet","BBC Breaking News","BBCBreaking","3/8/2024, 10:29:11 pm","0","99","155","468","473961","15","en","No","SocialFlow","","https://x.com/BBCBreaking/status/1819780064080187593","","","https://bbc.in/4d7A66V"
"=""1819445556013347222""","Kamala Harris formally chosen as Democratic Party nominee in US presidential election https://t.co/Ahbg6r0O3a","Tweet","BBC Breaking News","BBCBreaking","3/8/2024, 12:19:58 am","630","459","44","2876","504932","39","en","No","SocialFlow","","https://x.com/BBCBreaking/status/1819445556013347222","","","https://bbc.in/4ccFtAz"
"=""1819345666159591567""","'Just tar and feather her' - black ex-solider, a poster girl of recruitment campaigns, gets Army apology after racist abuse https://t.co/Ks2KVjkKvw","Tweet","BBC Breaking News","BBCBreaking","2/8/2024, 5:43:03 pm","227","122","37","415","335597","39","en","No","SocialFlow","","https://x.com/BBCBreaking/status/1819345666159591567","","","https://bbc.in/3SAyN8d"
"=""1819341224358137884""","Violent protests after Southport attack reveal organising tactics of the far-right, BBC Verify analysis shows
https://t.co/7yzRSvcbFx","Tweet","BBC Breaking News","BBCBreaking","2/8/2024, 5:25:24 pm","1","200","160","479","316818","43","en","No","SocialFlow","","https://x.com/BBCBreaking/status/1819341224358137884","","","https://bbc.in/3yonoRY"
"=""1819323711918404069""","Team GB's Emily Craig and Imogen Grant win Olympic gold in women's lightweight double sculls final https://t.co/jYUUCCW2sF","Tweet","BBC Breaking News","BBCBreaking","2/8/2024, 4:15:48 pm","86","42","4","443","258530","0","en","No","SocialFlow","","https://x.com/BBCBreaking/status/1819323711918404069","","","https://bbc.in/3Ac7LxO"
"=""1819096913800466636""","Andy Murray knocked out of Paris Olympics men's doubles as his tennis playing career comes to an end
 
Follow live https://t.co/AcTu4tkljK","Tweet","BBC Breaking News","BBCBreaking","2/8/2024, 1:14:36 am","143","91","16","468","329604","10","en","No","SocialFlow","","https://x.com/BBCBreaking/status/1819096913800466636","","","https://bbc.in/46t0WUk"
"=""1819079351985471925""","Simone Biles, USA gymnastics superstar, wins gold in all-around final at Paris Olympics

Follow live: https://t.co/T5WpwX8a8j","Tweet","BBC Breaking News","BBCBreaking","2/8/2024, 12:04:49 am","98","140","15","1193","355933","12","en","No","SocialFlow","","https://x.com/BBCBreaking/status/1819079351985471925","","","https://bbc.in/4fqrQjX"
"=""1819058266095133180""","BBC boss defends not sacking Huw Edwards despite knowing of his arrest over most serious category of indecent images of children https://t.co/AdpCLaMOC0","Tweet","BBC Breaking News","BBCBreaking","1/8/2024, 10:41:01 pm","3","56","80","175","291634","10","en","No","SocialFlow","","https://x.com/BBCBreaking/status/1819058266095133180","","","https://bbc.in/4dnDudu"
"=""1819034063384027490""","Wall Street Journal says its reporter Evan Gershkovich is now free as Russia and West carry out huge prisoner exchange
 
Follow live https://t.co/FAJie3R4Wh","Tweet","BBC Breaking News","BBCBreaking","1/8/2024, 9:04:51 pm","88","97","7","445","282301","3","en","No","SocialFlow","","https://x.com/BBCBreaking/status/1819034063384027490","","","https://bbc.in/3WsLR0w"
"=""1819015040592216170""","Biggest prisoner exchange between Russia and the West since Cold War is under way - follow live updates https://t.co/lAX6Cctir2","Tweet","BBC Breaking News","BBCBreaking","1/8/2024, 7:49:15 pm","73","125","16","411","292377","15","en","No","SocialFlow","","https://x.com/BBCBreaking/status/1819015040592216170","","","https://bbc.in/3Sz2u9P"
"=""1818993740725285343""","Journalist Evan Gershkovich and former US Marine Paul Whelan among prisoners expected to be freed today by Russia in swap deal with US https://t.co/4HboXIyFpv","Tweet","BBC Breaking News","BBCBreaking","1/8/2024, 6:24:37 pm","111","216","39","832","350791","20","en","No","SocialFlow","","https://x.com/BBCBreaking/status/1818993740725285343","","","https://bbc.in/3WPtsg0"
"=""1818974052632924566""","Southport, UK, triple murder suspect named for first time as Axel Rudakubana - follow live updates https://t.co/Z9Uzp9NsGq","Tweet","BBC Breaking News","BBCBreaking","1/8/2024, 5:06:23 pm","4","135","99","339","465952","21","en","No","SocialFlow","","https://x.com/BBCBreaking/status/1818974052632924566","","","https://bbc.in/3WMjkEI"
"=""1818967035159683581""","Interest rates cut to 5% from 5.25% by Bank of England, the first drop since onset of pandemic in March 2020 - follow live
https://t.co/I8W4IeUvzG","Tweet","BBC Breaking News","BBCBreaking","1/8/2024, 4:38:30 pm","114","121","34","505","314442","12","en","No","SocialFlow","","https://x.com/BBCBreaking/status/1818967035159683581","","","https://bbc.in/3WK33A4"
"=""1818956072926789890""","Two children injured in Southport, UK, stabbing discharged with five others in stable condition, hospital says https://t.co/lXWTcCqnqm","Tweet","BBC Breaking News","BBCBreaking","1/8/2024, 3:54:57 pm","0","73","16","505","238707","8","en","No","SocialFlow","","https://x.com/BBCBreaking/status/1818956072926789890","","","https://bbc.in/4dnSAQ5"
"=""1818950565843395065""","GPs in England vote in favour of 'work-to-rule' action which could limit the number of daily appointments available https://t.co/Nlcm6EBeco","Tweet","BBC Breaking News","BBCBreaking","1/8/2024, 3:33:04 pm","230","73","42","215","308531","14","en","No","SocialFlow","","https://x.com/BBCBreaking/status/1818950565843395065","","","https://bbc.in/4c7s6l0"
"=""1818944049757212790""","17-year-old suspect appears in court charged with murders of three girls in Southport, UK - follow live https://t.co/qIs4DmE54A","Tweet","BBC Breaking News","BBCBreaking","1/8/2024, 3:07:10 pm","2","71","28","265","353989","13","en","No","SocialFlow","","https://x.com/BBCBreaking/status/1818944049757212790","","","https://bbc.in/3WB5IuK"
"=""1818932500120399939""","Israel's military says it killed Hamas military chief Mohammed Deif in an air strike in Gaza on 13 July https://t.co/3pgeEtOeNp","Tweet","BBC Breaking News","BBCBreaking","1/8/2024, 2:21:16 pm","207","171","25","725","320755","24","en","No","SocialFlow","","https://x.com/BBCBreaking/status/1818932500120399939","","","https://bbc.in/3Ytvpjs"
"=""1818786482657652763""","17-year-old charged with three counts of murder and 10 counts of attempted murder after Southport knife attack https://t.co/dw6ZqDlMif","Tweet","BBC Breaking News","BBCBreaking","1/8/2024, 4:41:03 am","0","234","72","643","452690","29","en","No","SocialFlow","","https://x.com/BBCBreaking/status/1818786482657652763","","","https://bbc.in/3ynBTFS"
"=""1818782461431578790""","More than 100 people arrested at demonstration in central London after Southport knife attack, London's Met Police say https://t.co/SJ3McDYwpD","Tweet","BBC Breaking News","BBCBreaking","1/8/2024, 4:25:04 am","1","162","74","480","269793","23","en","No","SocialFlow","","https://x.com/BBCBreaking/status/1818782461431578790","","","https://bbc.in/46tYMDY"
"=""1818769885758882098""","Khalid Sheikh Mohammed and two others accused of plotting 9/11 attacks reach plea deal with US prosecutors, Pentagon says https://t.co/d2qTjQvTK4","Tweet","BBC Breaking News","BBCBreaking","1/8/2024, 3:35:06 am","329","395","311","748","1547495","126","en","No","SocialFlow","","https://x.com/BBCBreaking/status/1818769885758882098","","","https://bbc.in/46w0eFP"
"=""1818676332022112470""","BBC says it is ""shocked"" after Huw Edwards admits making indecent images of children and knew of his arrest in November https://t.co/UuqQYeYVN9","Tweet","BBC Breaking News","BBCBreaking","31/7/2024, 9:23:21 pm","0","106","105","264","296718","19","en","No","SocialFlow","","https://x.com/BBCBreaking/status/1818676332022112470","","","https://bbc.in/3SwyPhc"
"=""1818601273278476452""","Team GB win their first rowing gold medal of Paris Olympics in women's quadruple sculls
Follow live: https://t.co/Lx4dDAH3lX","Tweet","BBC Breaking News","BBCBreaking","31/7/2024, 4:25:06 pm","94","44","0","387","225695","5","en","No","SocialFlow","","https://x.com/BBCBreaking/status/1818601273278476452","","","https://bbc.in/46rZh1j"
"=""1818595999801057517""","Alex Yee wins Team GB's fifth gold medal of Paris Olympics in men's triathlon - watch live reaction https://t.co/sHyGtEYt82","Tweet","BBC Breaking News","BBCBreaking","31/7/2024, 4:04:08 pm","71","59","15","637","314626","7","en","No","SocialFlow","","https://x.com/BBCBreaking/status/1818595999801057517","","","https://bbc.in/4cnbSVb"
"=""1818575890269254061""","Former BBC News presenter Huw Edwards pleads guilty to making indecent images of children https://t.co/x32MCFEJyk","Tweet","BBC Breaking News","BBCBreaking","31/7/2024, 2:44:14 pm","0","357","375","632","1161430","43","en","No","SocialFlow","","https://x.com/BBCBreaking/status/1818575890269254061","","","https://bbc.in/3LNjCos"
"=""1818541864582004736""","Hamas leader Ismail Haniyeh killed in 2am attack on building where he was staying, Iran's state media says - follow latest https://t.co/1Yk8ZuNm0T","Tweet","BBC Breaking News","BBCBreaking","31/7/2024, 12:29:02 pm","266","185","38","723","324819","20","en","No","SocialFlow","","https://x.com/BBCBreaking/status/1818541864582004736","","","https://bbc.in/3WI7uve"
"=""1818337221507690600""","Explosion hits Beirut suburb as Israel says it carries out strike https://t.co/GVFisrHJs2","Tweet","BBC Breaking News","BBCBreaking","30/7/2024, 10:55:51 pm","221","172","104","336","426532","24","en","No","SocialFlow","","https://x.com/BBCBreaking/status/1818337221507690600","","","https://bbc.in/4c7MDGf"
"=""1818282462482497687""","Nine-year-old Alice Aguiar named as one of the three girls killed in Southport dance class attack https://t.co/JDOe9UL8NH","Tweet","BBC Breaking News","BBCBreaking","30/7/2024, 7:18:15 pm","0","73","140","273","1670958","13","en","No","SocialFlow","","https://x.com/BBCBreaking/status/1818282462482497687","","","https://bbc.in/3yjJuFc"
"=""1818258093173621204""","Radical preacher Anjem Choudary jailed for life for directing banned group al-Muhajiroun https://t.co/AoMfZKUnHc","Tweet","BBC Breaking News","BBCBreaking","30/7/2024, 5:41:25 pm","206","148","58","1071","344681","25","en","No","SocialFlow","","https://x.com/BBCBreaking/status/1818258093173621204","","","https://bbc.in/4cdAMGI"
"=""1818242973139636464""","Nine-year-old girl becomes third child to die after Southport stabbings, UK police say https://t.co/A3vIVlpwYd","Tweet","BBC Breaking News","BBCBreaking","30/7/2024, 4:41:20 pm","0","265","250","522","498309","13","en","No","SocialFlow","","https://x.com/BBCBreaking/status/1818242973139636464","","","https://bbc.in/46sUCwn"
"=""1818232720582971763""","Arrest warrant issued for Katie Price after she failed to attend court hearing https://t.co/BYj8tuLc9y","Tweet","BBC Breaking News","BBCBreaking","30/7/2024, 4:00:36 pm","243","148","110","872","1536064","49","en","No","SocialFlow","","https://x.com/BBCBreaking/status/1818232720582971763","","","https://bbc.in/4cYXYtl"
"=""1818224942330126722""","""These were just little kids at a dance class"" - Taylor Swift says she is ""completely in shock"" over Southport stabbings - follow updates
https://t.co/eQkhaJghiQ","Tweet","BBC Breaking News","BBCBreaking","30/7/2024, 3:29:41 pm","19","107","19","511","314813","16","en","No","SocialFlow","","https://x.com/BBCBreaking/status/1818224942330126722","","","https://bbc.in/3Suu6wu"
"=""1818169156346278061""","Police ""extremely concerned"" after six-year-old girl goes missing in London https://t.co/Ir0rmzJs4Q","Tweet","BBC Breaking News","BBCBreaking","30/7/2024, 11:48:01 am","146","441","34","627","498760","15","en","No","SocialFlow","","https://x.com/BBCBreaking/status/1818169156346278061","","","https://bbc.in/46mX8El"
"=""1818208698830929969""","Six-year-old girl who went missing in London found safe and well, say police https://t.co/TzvYfzHpV3","Reply","BBC Breaking News","BBCBreaking","30/7/2024, 2:25:09 pm","45","88","17","951","203588","2","en","No","Twitter Web App","","https://x.com/BBCBreaking/status/1818208698830929969","","","https://www.bbc.co.uk/news/articles/c0kre9vz54ro"
"=""1817986469497065656""","Two children killed and nine others injured, with six in critical condition, in Southport stabbing https://t.co/H4MvX1xjo0","Tweet","BBC Breaking News","BBCBreaking","29/7/2024, 11:42:05 pm","13","248","285","431","685167","31","en","No","SocialFlow","","https://x.com/BBCBreaking/status/1817986469497065656","","","https://bbc.in/4frRNQf"
"=""1817960854588911950""","17-year-old male arrested over stabbings in Southport, UK, with incident not currently being treated as terror-related, police say https://t.co/Tujd7qjOx9","Tweet","BBC Breaking News","BBCBreaking","29/7/2024, 10:00:18 pm","0","180","405","401","1024035","55","en","No","SocialFlow","","https://x.com/BBCBreaking/status/1817960854588911950","","","https://bbc.in/46rGeED"
"=""1817940718867923407""","Former BBC presenter Huw Edwards charged with three counts of making indecent images of children, police say https://t.co/yoVFqngG1z","Tweet","BBC Breaking News","BBCBreaking","29/7/2024, 8:40:17 pm","0","434","417","790","876363","85","en","No","SocialFlow","","https://x.com/BBCBreaking/status/1817940718867923407","","","https://bbc.in/3Yqi23g"
"=""1817897699313606792""","Number of casualties reported in Southport, UK, as armed police detain man and seize knife in major incident https://t.co/lNHkTUFfS1","Tweet","BBC Breaking News","BBCBreaking","29/7/2024, 5:49:21 pm","337","243","105","497","761923","38","en","No","SocialFlow","","https://x.com/BBCBreaking/status/1817897699313606792","","","https://bbc.in/46o6xvk"
"=""1817910505438105630""","Eight patients with stab injuries in Southport, UK, taken to hospitals including Alder Hey Children's Hospital, ambulance service says https://t.co/2GVs0XmqBC","Reply","BBC Breaking News","BBCBreaking","29/7/2024, 6:40:14 pm","121","93","66","227","502712","11","en","No","Twitter Web App","","https://x.com/BBCBreaking/status/1817910505438105630","","","https://www.bbc.co.uk/news/live/cevwgqz0x41t"
"=""1817897699313606792""","Number of casualties reported in Southport, UK, as armed police detain man and seize knife in major incident https://t.co/lNHkTUFfS1","Tweet","BBC Breaking News","BBCBreaking","29/7/2024, 5:49:21 pm","337","243","105","497","761923","38","en","No","SocialFlow","","https://x.com/BBCBreaking/status/1817897699313606792","","","https://bbc.in/46o6xvk"
"=""1817891349628080485""","Team GB claims first gold medal of Paris Olympics in equestrian team eventing
Watch reaction live: https://t.co/AIvFwoVYNp","Tweet","BBC Breaking News","BBCBreaking","29/7/2024, 5:24:07 pm","63","57","4","432","263119","4","en","No","SocialFlow","","https://x.com/BBCBreaking/status/1817891349628080485","","","https://bbc.in/4dlBNND"
"=""1817887564633677944""","Junior doctors in England expected to be offered 22% pay rise over two years to end strikes https://t.co/TMU44GgfLJ","Tweet","BBC Breaking News","BBCBreaking","29/7/2024, 5:09:04 pm","216","243","89","1615","548618","33","en","No","SocialFlow","","https://x.com/BBCBreaking/status/1817887564633677944","","","https://bbc.in/3YnH8jf"
"=""1817866138249756845""","Team GB divers Tom Daley and Noah Williams take Olympic silver in 10m synchro final - follow live reaction https://t.co/xNm9raKY5d","Tweet","BBC Breaking News","BBCBreaking","29/7/2024, 3:43:56 pm","69","64","2","646","333949","8","en","No","SocialFlow","","https://x.com/BBCBreaking/status/1817866138249756845","","","https://bbc.in/3WHUBRV"
"=""1817525602473173247""","Funerals held for children killed in Golan Heights strike as fears rise of all-out war between Israel and Hezbollah https://t.co/LcP9VFIvPC","Tweet","BBC Breaking News","BBCBreaking","28/7/2024, 5:10:46 pm","229","105","10","367","395114","14","en","No","SocialFlow","","https://x.com/BBCBreaking/status/1817525602473173247","","","https://bbc.in/3LKE4X3"
"=""1817253090304700504""","Israeli media report at least nine dead and dozens injured in rocket strike on children’s football pitch in Israeli-occupied Golan Heights https://t.co/dLXYcUPgXy","Tweet","BBC Breaking News","BBCBreaking","27/7/2024, 11:07:54 pm","1241","531","150","1319","1244756","81","en","No","SocialFlow","","https://x.com/BBCBreaking/status/1817253090304700504","","","https://bbc.in/4c4NabP"
"=""1816950668483084734""","Celine Dion performs at Paris Olympics opening ceremony part way up the Eiffel tower
https://t.co/GRN0C3wrmC","Tweet","BBC Breaking News","BBCBreaking","27/7/2024, 3:06:11 am","173","172","14","1200","457431","22","en","No","SocialFlow","","https://x.com/BBCBreaking/status/1816950668483084734","","","https://bbc.in/4fnn3zw"
"=""1816890308673626222""","Thousands of Olympians sail through the city of Paris, as the 2024 Games officially open 
Watch live https://t.co/yAocpNzXOy","Tweet","BBC Breaking News","BBCBreaking","26/7/2024, 11:06:20 pm","133","103","6","361","333538","7","en","No","SocialFlow","","https://x.com/BBCBreaking/status/1816890308673626222","","","https://bbc.in/4djoOw4"
"=""1816864737365303700""","Alternative healer found guilty of manslaughter after death of 71-year-old woman at one of his slapping therapy workshops
https://t.co/v0AhuLxzEf","Tweet","BBC Breaking News","BBCBreaking","26/7/2024, 9:24:43 pm","80","103","36","332","291823","27","en","No","SocialFlow","","https://x.com/BBCBreaking/status/1816864737365303700","","","https://bbc.in/3WiTdnj"
"=""1816842342936023084""","Police officer under criminal investigation over force used during Manchester Airport incident, watchdog says https://t.co/JJWk8qc5bH","Tweet","BBC Breaking News","BBCBreaking","26/7/2024, 7:55:44 pm","8","146","55","605","320628","20","en","No","SocialFlow","","https://x.com/BBCBreaking/status/1816842342936023084","","","https://bbc.in/3LBOBDU"
"=""1816730482177929665""","France's high-speed rail network disrupted by ""malicious acts"" including arsons, hours before Paris Olympics Opening Ceremony https://t.co/k9vlncliCc","Tweet","BBC Breaking News","BBCBreaking","26/7/2024, 12:31:14 pm","243","1052","206","1705","927691","100","en","No","SocialFlow","","https://x.com/BBCBreaking/status/1816730482177929665","","","https://bbc.in/3zUY8n0"
"=""1816783850850206074""","EuroAirport Basel–Mulhouse–Freiburg has temporary grounded flights due to ""safety reasons"" https://t.co/EF82CGd8QL","Reply","BBC Breaking News","BBCBreaking","26/7/2024, 4:03:18 pm","31","123","7","225","351477","15","en","No","Twitter for iPhone","","https://x.com/BBCBreaking/status/1816783850850206074","","","https://bbc.in/4cTGuhS"
"=""1816795969079455927""","Eurostar says one in four trains cancelled today and over weekend after arson attacks on French rail network 
Follow live https://t.co/jpgujyYl8Y","Reply","BBC Breaking News","BBCBreaking","26/7/2024, 4:51:28 pm","32","88","9","164","203145","6","en","No","Twitter Web App","","https://x.com/BBCBreaking/status/1816795969079455927","","","https://bbc.in/3YlqbpI"
"=""1816793091778470064""","Child rapist who threw victim's brother off a cliff to silence him is jailed for life https://t.co/RkdbSMUAZu","Tweet","BBC Breaking News","BBCBreaking","26/7/2024, 4:40:02 pm","42","150","83","602","357616","39","en","No","SocialFlow","","https://x.com/BBCBreaking/status/1816793091778470064","","","https://bbc.in/3A0j0Jx"
"=""1816762264768098576""","Barack Obama endorses Kamala Harris for US president, saying she has the ""strength this critical moment demands"" https://t.co/HWmNpyDyNi","Tweet","BBC Breaking News","BBCBreaking","26/7/2024, 2:37:32 pm","377","440","36","2693","425359","37","en","No","SocialFlow","","https://x.com/BBCBreaking/status/1816762264768098576","","","https://bbc.in/3A29JAM"
"=""1816389373182591012""","Police officer suspended after video shows officer kicking a man in the head at Manchester Airport https://t.co/6TcAowq0IH","Tweet","BBC Breaking News","BBCBreaking","25/7/2024, 1:55:48 pm","5","214","67","718","309615","27","en","No","SocialFlow","","https://x.com/BBCBreaking/status/1816389373182591012","","","https://bbc.in/3WhSnr0"
"=""1816388860135289246""","Oil tanker and cargo ship capsize off Manila and Taiwan as Typhoon Gaemi hits region

Follow live: https://t.co/QQEyfyupwG","Tweet","BBC Breaking News","BBCBreaking","25/7/2024, 1:53:45 pm","68","64","2","157","224509","9","en","No","SocialFlow","","https://x.com/BBCBreaking/status/1816388860135289246","","","https://bbc.in/3LBeG67"
"=""1816364398815887562""","Man, 24, charged with attempted murder after army officer stabbed near barracks in Kent, England https://t.co/Dcz6xL3tsN","Tweet","BBC Breaking News","BBCBreaking","25/7/2024, 12:16:33 pm","1","71","23","288","261083","9","en","No","SocialFlow","","https://x.com/BBCBreaking/status/1816364398815887562","","","https://bbc.in/3WAKZbm"
"=""1816268372633358812""","US President Joe Biden says he ended re-election bid to “unite my party” and in “defence of democracy” 
 
Follow live: https://t.co/uQXOAFxAdc","Tweet","BBC Breaking News","BBCBreaking","25/7/2024, 5:54:59 am","151","90","6","579","293775","9","en","No","SocialFlow","","https://x.com/BBCBreaking/status/1816268372633358812","","","https://bbc.in/3Sn55U7"
"=""1816260433398931869""","US President Joe Biden to explain why he ended re-election bid in rare televised White House address
 
Watch and follow live
https://t.co/3XofohfFwp","Tweet","BBC Breaking News","BBCBreaking","25/7/2024, 5:23:26 am","88","57","4","252","279085","20","en","No","SocialFlow","","https://x.com/BBCBreaking/status/1816260433398931869","","","https://bbc.in/4fbil8d"
"=""1816185873873957286""","""Iran's useful idiots"" - Israel’s Benjamin Netanyahu criticises protesters outside US Congress as police arrest five inside chamber

Follow live https://t.co/ruV8GBk4Ie","Tweet","BBC Breaking News","BBCBreaking","25/7/2024, 12:27:10 am","164","93","23","346","306974","17","en","No","SocialFlow","","https://x.com/BBCBreaking/status/1816185873873957286","","","https://bbc.in/46nEfRt"
"=""1816175535141114041""","Israeli Prime Minister Benjamin Netanyahu addresses US congress as thousands protest outside Capitol https://t.co/WZO2teaq2L","Tweet","BBC Breaking News","BBCBreaking","24/7/2024, 11:46:05 pm","113","80","9","255","244856","9","en","No","SocialFlow","","https://x.com/BBCBreaking/status/1816175535141114041","","","https://bbc.in/3Wl6o7i"
"=""1816142072979583342""","Police say they are assessing footage appearing to show officer kicking and stamping on head of man on ground at Manchester Airport
https://t.co/o8JByxJ8sb","Tweet","BBC Breaking News","BBCBreaking","24/7/2024, 9:33:07 pm","880","324","86","1109","635223","66","en","No","SocialFlow","","https://x.com/BBCBreaking/status/1816142072979583342","","","https://bbc.in/3SlqPzO"
"=""1816114225288225035""","Eluned Morgan becomes first female Welsh Labour leader and is set to be Wales’ next first minister

https://t.co/RWVCpqFrr8","Tweet","BBC Breaking News","BBCBreaking","24/7/2024, 7:42:27 pm","70","122","12","425","261944","10","en","No","SocialFlow","","https://x.com/BBCBreaking/status/1816114225288225035","","","https://bbc.in/3LB9KxW"
"=""1816075983536996528""","Man arrested on suspicion of causing death by dangerous driving over UK crash in which six people died, including two children https://t.co/jXYkIPRMle","Tweet","BBC Breaking News","BBCBreaking","24/7/2024, 5:10:30 pm","1","80","9","309","274520","9","en","No","SocialFlow","","https://x.com/BBCBreaking/status/1816075983536996528","","","https://bbc.in/4f8NwAS"
"=""1816024127297233188""","Stabbing of soldier in Kent, England, condemned as ""shocking and appalling"" by UK Home Secretary Yvette Cooper https://t.co/VdmDOzIoNN","Tweet","BBC Breaking News","BBCBreaking","24/7/2024, 1:44:26 pm","1","85","45","293","253635","14","en","No","SocialFlow","","https://x.com/BBCBreaking/status/1816024127297233188","","","https://bbc.in/4cR4W3C"
"=""1815828803802845490""","Former foreign secretary and home secretary James Cleverly confirms he is running to become next Conservative Party leader https://t.co/CZQHrqhh1y","Tweet","BBC Breaking News","BBCBreaking","24/7/2024, 12:48:17 am","253","106","44","346","354311","19","en","No","SocialFlow","","https://x.com/BBCBreaking/status/1815828803802845490","","","https://bbc.in/3WCS63m"
"=""1815800515353092278""","Top Democrats in Congress ""proudly endorse"" Kamala Harris to run for US president

Follow live https://t.co/UNVhbeD7My","Tweet","BBC Breaking News","BBCBreaking","23/7/2024, 10:55:53 pm","123","63","3","501","305269","4","en","No","SocialFlow","","https://x.com/BBCBreaking/status/1815800515353092278","","","https://bbc.in/3Sk0uSO"
"=""1815763163037536394""","Secret Service boss Kimberly Cheatle to resign after admitting failures in lead up to Donald Trump shooting 

Follow live https://t.co/k3avOVUpeg","Tweet","BBC Breaking News","BBCBreaking","23/7/2024, 8:27:27 pm","94","92","19","330","228976","7","en","No","SocialFlow","","https://x.com/BBCBreaking/status/1815763163037536394","","","https://bbc.in/4cQtWaV"
"=""1815761655633997893""","Team GB dressage star Charlotte Dujardin withdraws from Paris Olympics over video showing “error of judgement” in coaching session https://t.co/av77MgKpwN","Tweet","BBC Breaking News","BBCBreaking","23/7/2024, 8:21:28 pm","235","78","204","330","2099408","77","en","No","SocialFlow","","https://x.com/BBCBreaking/status/1815761655633997893","","","https://bbc.in/3zPhj1g"
"=""1815735904457138329""","Motorbike rider and passenger killed in crash that also claimed lives of four others named as married couple Christopher and Janine Barton https://t.co/O0mBrSx5CM","Tweet","BBC Breaking News","BBCBreaking","23/7/2024, 6:39:09 pm","48","33","1","150","286995","5","en","No","SocialFlow","","https://x.com/BBCBreaking/status/1815735904457138329","","","https://bbc.in/3Wz6WI4"
"=""1815724184510542167""","Police officer stabbed in chest at Frankland Prison and is ""conscious and talking"" in hospital, Durham Police say https://t.co/G607HmfsBP","Tweet","BBC Breaking News","BBCBreaking","23/7/2024, 5:52:34 pm","60","64","3","210","250375","13","en","No","SocialFlow","","https://x.com/BBCBreaking/status/1815724184510542167","","","https://bbc.in/4bWTK3W"
"=""1815709068452823267""","Radical preacher Anjem Choudary found guilty under UK terror laws of directing the banned group Al-Muhajiroun https://t.co/fYb8uMpT7m","Tweet","BBC Breaking News","BBCBreaking","23/7/2024, 4:52:30 pm","186","213","45","1008","399508","33","en","No","SocialFlow","","https://x.com/BBCBreaking/status/1815709068452823267","","","https://bbc.in/3Wfkuab"
"=""1815704304876982665""","BBC boss Tim Davie says sorry over complaints of abusive behaviour on Strictly Come Dancing but confirms show will continue https://t.co/jT9SLD8V7u","Tweet","BBC Breaking News","BBCBreaking","23/7/2024, 4:33:35 pm","80","58","11","197","291246","12","en","No","SocialFlow","","https://x.com/BBCBreaking/status/1815704304876982665","","","https://bbc.in/4cbm9nj"
"=""1815649963180781980""","Andy Murray says he will retire from tennis after competing at 2024 Paris Olympics https://t.co/CKGAKLOnmm","Tweet","BBC Breaking News","BBCBreaking","23/7/2024, 12:57:39 pm","138","212","48","1260","432268","16","en","No","SocialFlow","","https://x.com/BBCBreaking/status/1815649963180781980","","","https://bbc.in/3YfSZ2T"
"=""1815587828526403929""","Kamala Harris secures support of enough Democratic delegates to put her on track to formally become party's nominee for president
https://t.co/VuoQBCVbH1","Tweet","BBC Breaking News","BBCBreaking","23/7/2024, 8:50:44 am","277","306","25","1902","432444","25","en","No","SocialFlow","","https://x.com/BBCBreaking/status/1815587828526403929","","","https://bbc.in/3YepzC3"
"=""1815417461002424497""","Kamala Harris praises US President Joe Biden's ""legacy of accomplishment"" in her first remarks since he left the 2024 presidential race and endorsed her https://t.co/uimYUgAExY","Tweet","BBC Breaking News","BBCBreaking","22/7/2024, 9:33:46 pm","155","76","3","541","316234","9","en","No","SocialFlow","","https://x.com/BBCBreaking/status/1815417461002424497","","","https://bbc.in/3zSRuh0"
"=""1815411927339708791""","US Vice-President Kamala Harris set to make first public remarks since Joe Biden quit 2024 presidential race
 
Watch and follow live https://t.co/Vu4XYRsJPE","Tweet","BBC Breaking News","BBCBreaking","22/7/2024, 9:11:46 pm","75","73","5","416","315290","7","en","No","SocialFlow","","https://x.com/BBCBreaking/status/1815411927339708791","","","https://bbc.in/4ffwPUE"
"=""1815407665549292030""","A woman in her 30s has died after being attacked by a pet dog in Coventry, UK, police say
https://t.co/3QiUmb3t5h","Tweet","BBC Breaking News","BBCBreaking","22/7/2024, 8:54:50 pm","69","61","14","208","341124","10","en","No","SocialFlow","","https://x.com/BBCBreaking/status/1815407665549292030","","","https://bbc.in/3zU1xlZ"